{"cameraMode":{"drawMode":0,"name":"Shaded","section":"Shading Mode"},"sceneLighting":true,"audioPlay":false,"sceneViewState":{"m_AlwaysRefresh":false,"showFog":true,"showSkybox":true,"showFlares":true,"showImageEffects":true,"showParticleSystems":true,"showVisualEffectGraphs":true,"m_FxEnabled":true},"in2DMode":false,"pivot":{"x":11.619881629943848,"y":2.7222774028778078,"z":4.886589527130127},"rotation":{"x":-0.21091274917125703,"y":-0.08434510231018067,"z":0.018263280391693116,"w":-0.9737177491188049},"size":12.811050415039063,"orthographic":false}